id,parent id,text,author,time,subreddit,score,matched keywords
c15i3j,t1_c15hu8,"i may disagree with what you say, but i'll fight to the death for your right to say it. i'm not in favor of ""banning words"". no one's suggesting that we ban words; the only way political correctness works is if it's voluntary. proposing to keep old terms that are offensive to minority groups is the lexicographical equivalent of flying the confederate flag. sure, there are historical justifications for doing it, but they all seem like thinly-veiled attempts to uphold a racist status quo.  
 
 how is a social agreement to refer to black people as ""blacks"" or ""african-americans"" a ""pain in the neck""? it's not as if jesse jackson sends out a memo every week with a new ""set of restrictions"".",radrik,2007-02-19 19:16:51,reddit.com,1,ann
c15i8f,t1_c15h25,"first,  i assumed otakucode was exagerting to make a point that a large portion of the population is poor.  is that a racist statement?  is it racist for me to say that most people in country x are poor?  it's not a judgment on them as a race?
 
 second, invention &amp; innovation -- where does it say not capable?  china's role on the world stage was severely crippled by communism, and that effected their ability to invent and innovate.  do you know how big a player they are going to be when they come into their own?  but it's not going to be tomorrow, they need to get a lot more people through the education system.
 
 and just for the record, i didn't necessarily agree with the conclusion of his post saying that china wasn't going to take off economically.  i was stating that i didn't think that was a racist statement.  i believe he was highlighting large problems facing china that they'll have to overcome.",dantheman,2007-02-19 19:43:55,programming,1,light
c15ohw,t1_c15obv,"&gt; because only white people are on it.
 
 ok, that's obviously not true. have you turned on you tv recently?",[deleted],2007-02-20 15:56:23,reddit.com,2,white
c14oh5,t1_c14nuh,"well, at least they're not using significant whitespace! ;-)
 
 (i kid!  i kid because i love...)",foonly,2007-02-15 00:32:39,reddit.com,4,white
c13xy0,t1_c13xuo,"not surprisingly, hannity's buddy doesn't mention the fact that the ""left behind"" christianists have the same worldview, and support violence in the middle east right now b/c they believe it will help usher in the end times.  he only talks about islamic intolerance.
 
 http://reddit.com/info/13k91/comments",souldrift,2007-02-10 23:52:06,reddit.com,2,ann
c15m5q,t1_c15lz8,"fegh. that's far from clear. my dad remembers people smoking up in the streets, in the ""colonies"", but they were largely considered losers and ne'er do wells.
 
 aside from rastafarians, many carribbean people are *more* conservative about drugs, (and things in general) than white north americans. bloody missionaries.",HiggsBoson,2007-02-20 10:27:42,reddit.com,1,white
c1bim1,t1_c1bgqu,"lots of predominantly white, western states like montana in there, too.  not sure you can blame immigration for that as much.",[deleted],2007-03-20 02:48:30,reddit.com,-1,white
c17iuv,t3_17f2f,"okay, while in general rush came across as being psychotic, isn't what he said basically correct?  if someone's web site said they were in favor of white values, the white family, etc., people would be up in arms.",oberon,2007-03-02 17:05:25,reddit.com,6,white
c1ckyq,t1_c1cil6,"actually, that is seriously evidence to the contrary - [white people have more features in common with chimpanzees than black people do](http://reddit.com/info/1cgnt/comments/c1cky7).",jkerwin,2007-03-24 14:35:35,reddit.com,1,white
c1cw4b,t1_c1cvig,shaking a woman's hand when your hands are dirty with a white substance is really not a good idea if you don't enjoy getting arrested.,[deleted],2007-03-26 04:03:36,reddit.com,8,white
