id,parent id,text,author,time,subreddit,score,matched keywords
c1fw4q,t1_c1fw2n,"&gt; the dalai lama is the leader of the tibetan people and is revered by millions of buddhists worldwide. at a press conference in 1997-jun, he commented: ""from a buddhist point of view [lesbian and gay sex]...is generally considered sexual misconduct"". this belief is not based on the partners being of the same gender. in his book ""beyond dogma,"" he has written that ""homosexuality, whether it is between men or between women, is not improper in itself. what is improper is the use of organs already defined as inappropriate for sexual contact."" buddhism prohibits oral, manual and anal sex for everyone - both homosexuals and heterosexuals. however, these restrictions refer only to members of the buddhist faith. from ""society's viewpoint,"" same-sex relations can be ""of mutual benefit, enjoyable and harmless."" he supports human rights ""regardless of sexual orientation."" at a subsequent meeting with gay and lesbian representatives, he expressed the ""willingness to consider the possibility that some of the teachings may be specific to a particular cultural and historic context."" dawa tsering, spokesperson for the office of tibet commented: ""his holiness opposes violence and discrimination based on sexual orientation. he urges respect, tolerance, compassion and the full recognition of human rights for all.""
 
 &gt; an article in newsweek states that ""although he has affirmed the dignity and rights of gays and lesbians, he has condemned homosexual acts as contrary to buddhist ethics.""
 
 http://www.religioustolerance.org/hom_budd.htm
 
 *edit:* also, ""star fucker""??",[deleted],2007-04-06 13:34:22,reddit.com,11,"hetero, wsw, heterosexual, homosexual, gay, lesbian"
c1gvu0,t1_c1gu2p,"i don't think he is intentionally speaking for gays. however, with his pink, open-necked shirt, loafers and little moustache, i think he is a good candidate.
 
 i think his email address is on this page:
 http://www.lovegodsway.org/gaybands",brainburger,2007-04-10 18:06:06,freeculture,1,gay
c1sy1y,t3_1sxmh,"state senate of nebraska. from the comments:
 
 &gt; ""i don't believe they should be in the same class of race, color, creed, religion because i believe life is about a series of choices,"" harms said. ---- excuse me, but isn't religious belief a choice? you can choose to be a believer or not? you can choose to be muslim, catholic, lutheran, or athiest ... nothing biological about it. i suppose that mr. harms is fine if i as a gay business owner choose to fire an employee simply because he chooses to believe in catholicism? in my opinion, it is time to repeal all discrimination laws based upon religion, if religious people are given the right to be discriminatory against others.",sblinn,2007-05-23 10:34:26,reddit.com,4,gay
c1tmrw,t3_1tk2o,"perhaps a supplement containing the same chemicals should be developed so that women who are not sexually active (and lesbians for that matter) can get the same benefits.  given the risks of unprotected sex, women shouldn't have to choose between safety and avoiding depression.
 
 i'm a guy, i hope the male community doesn't accuse me of treason to my gender :)",danys_dragons,2007-05-25 17:03:15,reddit.com,1,lesbian
c1qs2x,t1_c1qro2,"you claim to be a proponent to the open market. if you were going to start any business, you should do some research first. part of that research is to identify possible competitors. if you do not do a thorough risk management assessment, the free market ideals you claim to love are going to punish you and your company will fail. by your own reasoning, the government on all levels should get out of the water business, the sewage business and many other base businesses. please explain to us how your brave new right wing world will work.
 
 right wing may mean hatred for homosexuals and carrying a gun in usa, but not the rest of the world. there is even a homosexual right wing movement.",boybunny,2007-05-15 04:04:06,reddit.com,14,homosexual
c1qz4l,t1_c1qyws,"""i'm not stereotyping anyone -- the previous commenter was the one who talked about the ""gay meccas"" and promiscuity.""
 
 but your comment bought into and furthered the stereotype.  although not to the extent of the person you responded to.  but i chose to criticize you because i could tell it was not your intent to stereotype gay people, but you managed to do so anyway.  criticizing the original poster i knew would have no effect.  criticizing you might.
 
 ""that said, if anyone, of whatever orientation, wants to be promiscuous, who am i to tut-tut them?""
 
 you just did.  you agreed that ""relationships are more important than sex"".  logically, that viewpoint inherently ""tut-tuts"" the choices of someone who lives his or her life as if it wasn't true.
 
 now, that doesn't mean you need to carry a sign.  or go door to door of people who live that way to criticize them to their face.
 
 but it doesn't mean that we don't have opinions, either.  or that we should not discuss and debate those opinions in a vigorous fashion.  or that opinions that are critical of other people's choices are automatically invalid.
 
 for example, if you believe that promiscuity is just as moral and beneficial to society as a committed marriage, logically you should be for the abolition of the benefits the government bestows only to married people.  is that your position?",jimbokun,2007-05-15 15:48:51,reddit.com,1,gay
