id,parent id,text,author,time,subreddit,score,matched keywords
c14btb,t3_14bpg,were they at least gay?,cartooncorpse,2007-02-13 09:48:02,reddit.com,0,gay
c13eks,t1_c13ejb,"this dude is not a liberal.  he is a nutjob.  thank you kindly for not confusing us, though i admit this guy is making it pretty hard for black-white types like you to keep things straight.",[deleted],2007-02-07 16:53:23,reddit.com,1,straight
c170fv,t1_c16z0r,"i am not trolling.  my link said that part of the reason for homophobia is an anxiety.  anxiety = fear.
 
 if it is not fear, please tell me the reason.  at least answer that question.  you are the one supporting honesty.  be honest about why you disapprove.  surely you must have some understanding about why you object to gay marriage, and gay adoption etc.?
 
 i think a refusal to answer would be informative.",decaff,2007-02-28 05:57:34,reddit.com,2,gay
c135pk,t1_c135na,"btw here's an example of where user consolidation of dupes would be really useful.
 
 current hot list
 
 46.[haggard now ""completely heterosexual""](http://reddit.com/info/013573/comments) news.yahoo.com
 
 posted 1 hour ago by ckbeaupre  
 
 
 75.[haggard now ""completely heterosexual""](http://reddit.com/info/135hg/comments) hosted.ap.org
 
 posted 24 minutes ago by frankzappa 
 
 same exact story two different sources. both redditors need reward, and both stories have different freshness arcs based on distinct submission time.",smacfarl,2007-02-06 11:34:07,reddit.com,1,"hetero, heterosexual"
c1d5zt,t3_1d0g3,"i just don't believe it. the antagonist in this dialogue sounds far too much like your typical, homosexual hating redneck cliché to be considered legit.",[deleted],2007-03-27 03:25:05,reddit.com,-5,homosexual
c1d2kn,t3_1d2kf,"as senator leahy bravely tightens the noose around the neck of the bush ""administration,"" vermont democrats have lent him invaluable political backing in signaling their support for the remedy that ultimately gives him his power in his subpoena showdown — impeachment. the vermont legislature now stands poised to lend its voice to the growing chorus joining leahy's charge.
 in her continuing opposition, however, the understandably cautious speaker gaye symington clings ever more tenuously to the excuses she's invented for herself not to act. with the nation's eyes on the contest of resolve now being waged between leahy and bush, her expressions of concern become increasingly indistinguishable from willful protection of the bush white house.
 
 just as principled, anti-war democrats in washington were this week called upon to support an iraq appropriations bill about which they had grave misgivings, so the time has come for symington to reconsider the bottom line consequences of her trepidation. senator leahy, on behalf of vermonters and all americans, stands eyeball-to-eyeball with bush in a high stakes staring contest in which even republicans are backing away from the president. gaye symington, though, busies herself with watching the clock, insisting that the overwhelming weight of vermont's legislative agenda precludes an expression of support for leahy's brave stand in defense of the constitution.",Jodin,2007-03-26 17:41:46,reddit.com,1,gay
c17bpq,t1_c178cv,"&gt; i have explored this from the standpoint that the gentleman/lady/whatever is the proper term, has lost respect from his employees. [...] he lost his leadership ability.
 
 you are probably right. the point is that this loss of respect is purely emotional and irrational. it only interferes with his job because people are prejudiced. what if he had come out as a gay? all the same issues apply.",wicked,2007-03-01 19:16:37,reddit.com,3,gay
c1blk2,t3_1bljv,more commentary on brownback and his views on homosexuality.,evilspock,2007-03-20 11:36:00,reddit.com,1,homosexual
c1k3ru,t1_c1k3dv,"&gt; if i was being an asshole, i assure you i have no regrets about it.
 
 neither do i. :d
 
 as for being telepathic, it's funny how many people must have telepathy. i know at least a dozen people who are fully capable of engaging in conversation or debate with me. and even through my bitch-fest yesterday, one more of them revealed himself to me.
 
 but i think i have a much more sensible explanation for what's common to them all than telepathy. you see, they all, every single one of them, care more about knowledge than just about anything else. and this personality trait makes them part of a tiny minority of people whom i actually respect.
 
 and it's extremely easy for me to recognize these people. just like gay people recognize each other in a crowd. or sadomasochists recognize each other. because they *pay attention* to the same kinds of things. they pay attention to how much knowledge i display, whether i have more or less knowledge than they do, whether my knowledge is correct or incorrect. and so on and so forth.
 
 and it's clear you're not one of those people for dozens of reasons starting with your not paying attention to my displayed knowledge at the beginning, to your taking insult at my attitude (as opposed to merely considering it a waste of time), and ending with your last paragraph in the very comment above.
 
 the closest thing we've come to a frank exchange of views is this conversation. but that's all we'll have because you're not curious enough about the world for me to be curious about you. although you did display some curiosity about me and i hope i've satisfied it.",redditcensoredme,2007-04-22 21:45:34,reddit.com,0,gay
c1hu21,t3_1hrno,did they at least identify her as a neocon lesbian hypocrite?,[deleted],2007-04-14 00:50:29,reddit.com,0,lesbian
