id,parent id,text,author,time,subreddit,score,matched keywords
c1ckyq,t1_c1cil6,"actually, that is seriously evidence to the contrary - [white people have more features in common with chimpanzees than black people do](http://reddit.com/info/1cgnt/comments/c1cky7).",jkerwin,2007-03-24 14:35:35,reddit.com,1,white
c1cw4b,t1_c1cvig,shaking a woman's hand when your hands are dirty with a white substance is really not a good idea if you don't enjoy getting arrested.,[deleted],2007-03-26 04:03:36,reddit.com,8,white
c1f236,t3_1f1t9,"turn it around and see how it sounds.  say for example this, coming from an nba team owner
 
 ""i have a lot of confidence, in my team, we've got some amazing players.  black players.""
 
 or
 
 ""we have some top guys working that construciton site, really hard workers.  mexican workers.""
 
 or perhaps
 
 ""don't worry, the starbucks will do just fine in this location.  we get a lot of pretentious, affleunt consumers here.  white consumers.""",dsol,2007-04-03 12:40:21,reddit.com,39,white
c1kou6,t1_c1km3i,"&gt;what do you want us to do about it?
 
 //fuck, what a cop-out, pun intended.  it's vandalism.  you fill out the report take pictures, help the victim clean up, go inside the bar and ask questions, and give the people an impression that if anybody is suspected of follow-up vandalism, the cops would be all over it like you wouldn't believe.  that's how they should've handled the situation.
 
 instead they say they don't know what to do about it, can't do anything, then decide to give a beating like the would an uppity negro.",Aerik,2007-04-24 20:11:59,reddit.com,4,uppity
c1eo3a,t1_c1eo0i,"buddy, i grew up in a poor, hick town that just happened to have a very conservative, semi-elite college in the middle of it. i went to school with hicks, i played sports with hicks, i worked with hicks - i know me some hicks! trust me, hicks are very gung-ho about going to war and ""kickin' some terrorist ass"". the other people who were pro war were the blind republicans students at the college who just towed the party line without thought. the majority of professors (the actual academics) at the school (conservatives and liberals) were much more likely to be against the iraq war. so yea, my personal experience in america has been completely different from your assessment. hicks aren't generally isolationist, as far as i've seen - they are usually either too uneducated or uninformed to have an opinion, or they go ""america..fuck yea!"". generally, the ""isolationist"" view is more held by old-fashioned conservatives (paleo-cons) who are usually decently educated and very wary of ""american imperialism"". 
 
 btw, in your continuing german lessons, it's spelled *verboten*.",[deleted],2007-04-02 04:41:25,reddit.com,9,pale
c1i7pl,t1_c1i7ms,"i don't know about you, but more people in the world than rich caucasians give a shit.",Prysorra,2007-04-15 21:30:38,reddit.com,4,caucasian
