id,parent id,text,author,time,subreddit,score,matched keywords
c1p8ou,t3_1p8hr,"ambiguous english... black is a color (perceived by the human mind), but black is not a color (wavelength of light on the em spectrum). taken that way, black is not a color nor is atheism a religion.",NoMoreNicksLeft,2007-05-09 18:46:13,reddit.com,8,light
c1mfi7,t1_c1mf9u,"we do not rule the world. we do not support the world.
 
 libertarian = 
 
 mucho socially liberal (no victim = no crime; victim = crime; victim = someone who is forced/duped, without prior consent, to give up something they own)
 
 mucho fically conservative (good luck, stay out of my yard). there is no deficit spending (except in emergency, real ones). there is no parasitic hookup between the production/independant and the neer'do wells (includes illegal immigrants). that is charity. strictly voluntary.
 
 what is provided is opportunity for education (citizens only) to fill the positions we need for national well being (includes keeping mfg jobs here)
 
 &gt; or are you just saying that the illegal immigrants working in america's slaughterhouses and vegetable fields simply aren't working hard enough?
 
 that benefit is marginal and doesn't offset their cost to 'us'. besides practically all harvesting can be mechanized, it's just cheaper to use 'slaves'...especially when the slaver gets to attach his parasites to the public coffers for their benefits (at little/no cost to him...he just reaps profit by robbing me). not gonna have it.",cartooncorpse,2007-05-01 10:04:10,reddit.com,-2,ape
c1p26e,t3_1p25s,i love black and white pic but this outfit makes her look like she just got out of bed it doesn't inspires you if u seen this girl walking down the street you would think she's homeless,fashionicon17,2007-05-09 09:50:43,reddit.com,1,white
c1rhpe,t1_c1re01,"i am glad you are proud of your family heritage, but it is completely irrelevant in this argument. 
 
 the ways in which you do not understand the global socio-economics and the history of african continent, but still have audacity to talk bout it with such self-righteousness baffles me. 
 
 as i wrote in a post above, one cannot measure the ""cultural superiority"" because it is not objective.
 
 i also assume that you do not consider your self a bigot? it is the acts of your grandfather who ""fought for the union"" that absolve you from any remarks that you might throw into your argument that sound racist or eurocentric.
 
 bravo! you have mastered the art of self deception.",ivananic,2007-05-17 12:43:13,reddit.com,4,ann
c1o2xr,t1_c1o2u8,"&gt;a cow or chicken has more capacity to feel pain or understand that it is dying than a fetus until that fetus is very close to term indeed.
 
 that sounds more like a religious belief than a scientific one:
 
 http://www.gargaro.com/fetalpain.html
 
 &gt;i always find it very inconsistent when you folks start spouting that you respect life and just don't want innocent widdle babies to die in horrible pain -- over a nice steak dinner.
 
 spoken like a true misanthrope.
 
 you do realize that planned parenthood was founded by eugenicist margaret sanger, whose primary goal was to limit the propagation of ""defective"" people like blacks, don't you?
 
 http://www.blackgenocide.org/sanger.html
 
 do you hate black people too?",[deleted],2007-05-06 11:33:12,reddit.com,-18,ann
c1td6z,t1_c1tcvo,"there must be another victims who were not able to escape like this time.
 
 where they were gone?
 
 killed and concealed? slavery? traded?",yuuki_ishikawa,2007-05-24 18:15:22,reddit.com,1,ape
