id,parent id,text,author,time,subreddit,score,matched keywords
c1eo3a,t1_c1eo0i,"buddy, i grew up in a poor, hick town that just happened to have a very conservative, semi-elite college in the middle of it. i went to school with hicks, i played sports with hicks, i worked with hicks - i know me some hicks! trust me, hicks are very gung-ho about going to war and ""kickin' some terrorist ass"". the other people who were pro war were the blind republicans students at the college who just towed the party line without thought. the majority of professors (the actual academics) at the school (conservatives and liberals) were much more likely to be against the iraq war. so yea, my personal experience in america has been completely different from your assessment. hicks aren't generally isolationist, as far as i've seen - they are usually either too uneducated or uninformed to have an opinion, or they go ""america..fuck yea!"". generally, the ""isolationist"" view is more held by old-fashioned conservatives (paleo-cons) who are usually decently educated and very wary of ""american imperialism"". 
 
 btw, in your continuing german lessons, it's spelled *verboten*.",[deleted],2007-04-02 04:41:25,reddit.com,9,pale
c1i7pl,t1_c1i7ms,"i don't know about you, but more people in the world than rich caucasians give a shit.",Prysorra,2007-04-15 21:30:38,reddit.com,4,caucasian
c1hl6y,t3_1hj1i,"ahhh.... nothing like bigotry here in america. even posting this question, in such a slanted format indicates that some in the country aren't ready to stop being bigots. 
 
 the man was at prayer. so what if it was in a mosque. what's next? you can't elect a jewish president? oh, and of course, this means mitt romney is certainly out...can't have a mormon in the white house, lord no...
 
 it's time the rino's (religious in name only) folks stopped bashing folks with their bibles, and instead opened them, and started to live the life that god wanted all of us to.",dectra,2007-04-13 05:55:18,reddit.com,2,white
c1f5rs,t1_c1f1q0,"of course, this is the perspective of a neo-liberal asshole whose only information comes from propagandistic business papers. i've got economic stats to disprove all of these claims but they're so patently ridiculous and you are such an enormous idiotic fuckhead that it's not worth wasting the 5 minutes looking them up.",richardkulisz,2007-04-03 19:12:42,reddit.com,-9,ape
c1k1yk,t3_1k1r7,"* suicides increase with age
 * black men are murdered
 * white men commit suicide
 * suicides are the biggest fraction of gun-related deaths
 * most deaths are &gt;40yrs",[deleted],2007-04-22 17:01:48,reddit.com,1,white
c1m32s,t3_1m08p,"as a muslim male myself, i found this article interesting. i cannot understand why the courts would act this way--as far as i know, a government, at least in germany's vein if it is like other western democracies, is to uphold and execute the laws of its constitution and country. and as such, there are, generally, almost no prejudices for a person's...anything. ""all men are created equal."" i imagine a similar idea supports the german government.
 
 i also do not understand why idiots like those savage men think they can act that way and still be islamic. i have absolutely no urge to violently beat my spouse, whenever i get one. i don't have the urge to beat her, and i don't think it is right for me to do it. it *feels* wrong. i don't care if i am allowed to, technically. i won't do it. this kind of backwards crap that these people exhibit are a property of largely undeveloped cultures, not a property endemic to a particular faith. if muslims throughout the world were as educated and wealthy as that of other faiths, this level of ignorance and savagery would not be nearly as prevalent.",bluedeviltide,2007-04-30 05:05:00,reddit.com,36,ann
c1izx0,t1_c1irgo,"i am sure that all those white churches would never do such a thing. i am sure you have lots of friends who worked for the white churches for free, right?",matts2,2007-04-18 13:23:27,reddit.com,-1,white
c1ocoa,t3_1ock4,"cnn and msnbc and the rest are reserving judgment until they find out the skin color/religion of the bomber.  if he was middle eastern or muslim, this will be an act of terrorism, if he was a white guy, this will just be simple murder and they won't be able to fill four hours of afternoon programming on it.",cweaver,2007-05-07 10:40:57,reddit.com,4,white
c1mwte,t3_1mr1b,"&gt;steve says: 
 &gt;
 &gt;may 1st, 2007 at 9:00 am 
 &gt;
 &gt;i believe there is an eye witness who saw the truck driver with carl rove at the white house one week before the crash. i do know for a fact that all jews in the area were notified to stay off of the bridge.
 
 the last line is amazing.  the first one is pretty interesting too.",sarahfrancesca,2007-05-02 13:00:34,reddit.com,1,white
c1ppji,t3_1pnuk,canada? no wonder. i've always thought canadians were lightheaded.,ihateyouall,2007-05-11 08:09:42,reddit.com,-1,light
