id,parent id,text,author,time,subreddit,score,matched keywords
c17iuv,t3_17f2f,"okay, while in general rush came across as being psychotic, isn't what he said basically correct?  if someone's web site said they were in favor of white values, the white family, etc., people would be up in arms.",oberon,2007-03-02 17:05:25,reddit.com,6,white
c1ckyq,t1_c1cil6,"actually, that is seriously evidence to the contrary - [white people have more features in common with chimpanzees than black people do](http://reddit.com/info/1cgnt/comments/c1cky7).",jkerwin,2007-03-24 14:35:35,reddit.com,1,white
c1cw4b,t1_c1cvig,shaking a woman's hand when your hands are dirty with a white substance is really not a good idea if you don't enjoy getting arrested.,[deleted],2007-03-26 04:03:36,reddit.com,8,white
c1by46,t1_c1bx8o,pretty sure egyptians and other north africans (carthagians) were caucasian.,zoopy,2007-03-21 18:23:37,reddit.com,1,caucasian
c17nbw,t1_c17lax,"ann coulter is one of the homo-erotic republican rightwing club that includes male prostitute/white house visitor [jeff gannon](http://en.wikipedia.org/wiki/jeff_gannon), plus:
 
 from the republican blog blogactive [the list](http://www.blogactive.com/)
 
 us representatives
 rep. ed schrock (va)
 rep. david drier (ca)
 rep. james mccrery (la)
 rep. mark foley (fl)
 
 
 us senators
 sen barbara mikulski (md)
 
 senior gop staff
 jay timmons, nrsc
 dan gurley, rnc
 jay banning, rnc
 
 senior senate staffers
 robert traynham, santorum
 jonathan tolman, inhofe
 kirk fordham, martinez
 dirk smith, lott
 john reid, allen
 paul unger, allen
 linus catignani, frist
 
 senior house staffers
 jim conzelman, oxley
 lee cohen, hart
 robert o'conner, king
 pete meachum, brown-waite
 
 bush staff
 israel hernandez
 jeff berkowitz
 
 
 local officials
 vincent gentile, nyc
 
 
 the rest...
 ed koch, frmr nyc mayor
 jennifer helms-knox, judge
 armstrong williams, radio host
 matt drudge, headline writer
 steve kreseski, md gov.
 chip dipaula, md gov.
 lee lahaye, cwa
 john schlafley, eagle forum",yakyakyak,2007-03-03 10:33:39,reddit.com,3,"white, ann"
c1cjp7,t1_c1cj1w,"i'm not saying the guy didn't need counseling, or at least some perspective, but saying the problem is that the guy (and all the other middle-class white guys who whine about this sort of thing) doesn't have as much privilege as he would have a generation or two ago is totally missing the point - he *didn't* have it worse than the rest of us; he just didn't have an undeserved ""upside.""",jfpbookworm,2007-03-24 11:33:51,reddit.com,-4,white
c1daoy,t3_1daie,what is this shit? colleges *are* the most liberal places in the us. you *can't* express anything *remotely* resembling a conservative opinion on one without being hounded into silence. saying colleges aren't liberal is a whitewash of the foullest order.,Deacon,2007-03-27 14:29:02,reddit.com,-1,white
c1bpp2,t3_1bop1,"fuck his criminal ass. seriously, how long is congress going to put up with such utter shit from the white house?",[deleted],2007-03-20 19:56:56,reddit.com,9,white
c1f236,t3_1f1t9,"turn it around and see how it sounds.  say for example this, coming from an nba team owner
 
 ""i have a lot of confidence, in my team, we've got some amazing players.  black players.""
 
 or
 
 ""we have some top guys working that construciton site, really hard workers.  mexican workers.""
 
 or perhaps
 
 ""don't worry, the starbucks will do just fine in this location.  we get a lot of pretentious, affleunt consumers here.  white consumers.""",dsol,2007-04-03 12:40:21,reddit.com,39,white
c1kou6,t1_c1km3i,"&gt;what do you want us to do about it?
 
 //fuck, what a cop-out, pun intended.  it's vandalism.  you fill out the report take pictures, help the victim clean up, go inside the bar and ask questions, and give the people an impression that if anybody is suspected of follow-up vandalism, the cops would be all over it like you wouldn't believe.  that's how they should've handled the situation.
 
 instead they say they don't know what to do about it, can't do anything, then decide to give a beating like the would an uppity negro.",Aerik,2007-04-24 20:11:59,reddit.com,4,uppity
