id,parent id,text,author,time,subreddit,score,matched keywords
c1ppji,t3_1pnuk,canada? no wonder. i've always thought canadians were lightheaded.,ihateyouall,2007-05-11 08:09:42,reddit.com,-1,light
c1p8ou,t3_1p8hr,"ambiguous english... black is a color (perceived by the human mind), but black is not a color (wavelength of light on the em spectrum). taken that way, black is not a color nor is atheism a religion.",NoMoreNicksLeft,2007-05-09 18:46:13,reddit.com,8,light
c1mfi7,t1_c1mf9u,"we do not rule the world. we do not support the world.
 
 libertarian = 
 
 mucho socially liberal (no victim = no crime; victim = crime; victim = someone who is forced/duped, without prior consent, to give up something they own)
 
 mucho fically conservative (good luck, stay out of my yard). there is no deficit spending (except in emergency, real ones). there is no parasitic hookup between the production/independant and the neer'do wells (includes illegal immigrants). that is charity. strictly voluntary.
 
 what is provided is opportunity for education (citizens only) to fill the positions we need for national well being (includes keeping mfg jobs here)
 
 &gt; or are you just saying that the illegal immigrants working in america's slaughterhouses and vegetable fields simply aren't working hard enough?
 
 that benefit is marginal and doesn't offset their cost to 'us'. besides practically all harvesting can be mechanized, it's just cheaper to use 'slaves'...especially when the slaver gets to attach his parasites to the public coffers for their benefits (at little/no cost to him...he just reaps profit by robbing me). not gonna have it.",cartooncorpse,2007-05-01 10:04:10,reddit.com,-2,ape
c1p26e,t3_1p25s,i love black and white pic but this outfit makes her look like she just got out of bed it doesn't inspires you if u seen this girl walking down the street you would think she's homeless,fashionicon17,2007-05-09 09:50:43,reddit.com,1,white
