id,parent id,text,author,time,subreddit,score,matched keywords
c1118z,t1_c110i1,"yeah, a big fuck you to a site that, hysterical as it may be at times, provides some dissonance or an alternative perspective on what the msm spoons down our throats. 
 
 i would think that we would welcome some news that made us reconsider a mad rush to war or the encouragement of the hawks that lied about iraq &amp; wmds.  
 p.s.  arabic iranians, persian iranians and israelis (lots of euromutt backgrounds) come in a wide variety of colors.  however, on a whole, people from that major region are darker than the overwhelmingly white governments of many western nation.  it's a statement meant to call attention to our motivations- are they rascist? are they xenophobic?",liberatedword,2007-01-26 12:31:49,reddit.com,3,white
c10ovt,t3_10ffo,keith olbermann is a dick.,chadcarey,2007-01-25 11:04:28,reddit.com,-1,ann
cwqq0,t1_cwqa4,"let me tell you, people are the same world over...southeast asia, the middle east, kentucky...it is the local leaders and media who shape the opinion of their global neighbors.
 
 luckily, world over there are moderate, open minded and intelligent individuals who are tolerant and fair regardless of what their respective leaders current official stance on this group of people or that group of people might be.
 
 my brother in law and sister are a saudi man and a woman from pennsylvania (do i need to state 'respectively'?).  his family (muslim, of course) accepted her with open arms, and our family (mostly catholic, with a few agnostics and atheists thrown in) here accepted him with open arms.  my mom went over to stay with my sister in saudi arabia for a few weeks when my sister had her first child, and she had nothing but nice things to say about her son in law's family.   
 
 other than getting ogled when she was sitting with legs exposed from the knee down one day at a hospital (my sister said the men were rude to stare as they should have averted their eyes if they found it stimulating, my mom just found it amusing) she said the people she met were nice as well.",gaso,2007-01-02 11:27:35,reddit.com,13,ape
cyv2b,t3_yu1e,"er, parizeau's famous ""ethnics"" remark -- taken wildly out of context anyway -- was made over 11 years ago. way to keep up with the times there! incidentally i'll also start believing that all stringy-looking long-haired hippies are savage murderers, because i saw some coverage of the manson family the other day...
 
 also, the adq is the one party in quebec that can't decide whether they're sovereignists or not. so to associate them with sovereignists is quite the stretch. 
 
 but, you know, shine on, crazy diamond!",[deleted],2007-01-17 12:30:31,reddit.com,-1,shine
cxj2h,t1_cxizs,"i don't think your argument make sense.   it was to avoid repeat of expansion wars where nazis would annex a land and call it  historical germany, similar to what saddam did to kuwait.  another words, it is against the geneva convention to  create facts on the ground by moving people to occupied land and claim it as your own country.
 
 the concentration camp would be covered under human rights of your own citizens. it has nothing to do with war.  you can't build a concentration camp, period, be it in moon, your country, or else where.
 
 furthermore, if your understanding was correct, you would expect to see the article specifically state that once you occupy a land then you can do with it as  you please, except having illegal activities such as concentration camps.",dmehrtash,2007-01-08 15:12:56,reddit.com,3,ann
c15i3j,t1_c15hu8,"i may disagree with what you say, but i'll fight to the death for your right to say it. i'm not in favor of ""banning words"". no one's suggesting that we ban words; the only way political correctness works is if it's voluntary. proposing to keep old terms that are offensive to minority groups is the lexicographical equivalent of flying the confederate flag. sure, there are historical justifications for doing it, but they all seem like thinly-veiled attempts to uphold a racist status quo.  
 
 how is a social agreement to refer to black people as ""blacks"" or ""african-americans"" a ""pain in the neck""? it's not as if jesse jackson sends out a memo every week with a new ""set of restrictions"".",radrik,2007-02-19 19:16:51,reddit.com,1,ann
c15i8f,t1_c15h25,"first,  i assumed otakucode was exagerting to make a point that a large portion of the population is poor.  is that a racist statement?  is it racist for me to say that most people in country x are poor?  it's not a judgment on them as a race?
 
 second, invention &amp; innovation -- where does it say not capable?  china's role on the world stage was severely crippled by communism, and that effected their ability to invent and innovate.  do you know how big a player they are going to be when they come into their own?  but it's not going to be tomorrow, they need to get a lot more people through the education system.
 
 and just for the record, i didn't necessarily agree with the conclusion of his post saying that china wasn't going to take off economically.  i was stating that i didn't think that was a racist statement.  i believe he was highlighting large problems facing china that they'll have to overcome.",dantheman,2007-02-19 19:43:55,programming,1,light
c15ohw,t1_c15obv,"&gt; because only white people are on it.
 
 ok, that's obviously not true. have you turned on you tv recently?",[deleted],2007-02-20 15:56:23,reddit.com,2,white
c14oh5,t1_c14nuh,"well, at least they're not using significant whitespace! ;-)
 
 (i kid!  i kid because i love...)",foonly,2007-02-15 00:32:39,reddit.com,4,white
c13xy0,t1_c13xuo,"not surprisingly, hannity's buddy doesn't mention the fact that the ""left behind"" christianists have the same worldview, and support violence in the middle east right now b/c they believe it will help usher in the end times.  he only talks about islamic intolerance.
 
 http://reddit.com/info/13k91/comments",souldrift,2007-02-10 23:52:06,reddit.com,2,ann
