id,parent id,text,author,time,subreddit,score,matched keywords
c15i3j,t1_c15hu8,"i may disagree with what you say, but i'll fight to the death for your right to say it. i'm not in favor of ""banning words"". no one's suggesting that we ban words; the only way political correctness works is if it's voluntary. proposing to keep old terms that are offensive to minority groups is the lexicographical equivalent of flying the confederate flag. sure, there are historical justifications for doing it, but they all seem like thinly-veiled attempts to uphold a racist status quo.  
 
 how is a social agreement to refer to black people as ""blacks"" or ""african-americans"" a ""pain in the neck""? it's not as if jesse jackson sends out a memo every week with a new ""set of restrictions"".",radrik,2007-02-19 19:16:51,reddit.com,1,ann
c15i8f,t1_c15h25,"first,  i assumed otakucode was exagerting to make a point that a large portion of the population is poor.  is that a racist statement?  is it racist for me to say that most people in country x are poor?  it's not a judgment on them as a race?
 
 second, invention &amp; innovation -- where does it say not capable?  china's role on the world stage was severely crippled by communism, and that effected their ability to invent and innovate.  do you know how big a player they are going to be when they come into their own?  but it's not going to be tomorrow, they need to get a lot more people through the education system.
 
 and just for the record, i didn't necessarily agree with the conclusion of his post saying that china wasn't going to take off economically.  i was stating that i didn't think that was a racist statement.  i believe he was highlighting large problems facing china that they'll have to overcome.",dantheman,2007-02-19 19:43:55,programming,1,light
c1bim1,t1_c1bgqu,"lots of predominantly white, western states like montana in there, too.  not sure you can blame immigration for that as much.",[deleted],2007-03-20 02:48:30,reddit.com,-1,white
c17iuv,t3_17f2f,"okay, while in general rush came across as being psychotic, isn't what he said basically correct?  if someone's web site said they were in favor of white values, the white family, etc., people would be up in arms.",oberon,2007-03-02 17:05:25,reddit.com,6,white
c1f236,t3_1f1t9,"turn it around and see how it sounds.  say for example this, coming from an nba team owner
 
 ""i have a lot of confidence, in my team, we've got some amazing players.  black players.""
 
 or
 
 ""we have some top guys working that construciton site, really hard workers.  mexican workers.""
 
 or perhaps
 
 ""don't worry, the starbucks will do just fine in this location.  we get a lot of pretentious, affleunt consumers here.  white consumers.""",dsol,2007-04-03 12:40:21,reddit.com,39,white
c1kou6,t1_c1km3i,"&gt;what do you want us to do about it?
 
 //fuck, what a cop-out, pun intended.  it's vandalism.  you fill out the report take pictures, help the victim clean up, go inside the bar and ask questions, and give the people an impression that if anybody is suspected of follow-up vandalism, the cops would be all over it like you wouldn't believe.  that's how they should've handled the situation.
 
 instead they say they don't know what to do about it, can't do anything, then decide to give a beating like the would an uppity negro.",Aerik,2007-04-24 20:11:59,reddit.com,4,uppity
