id,parent id,text,author,time,subreddit,score,matched keywords
c1by46,t1_c1bx8o,pretty sure egyptians and other north africans (carthagians) were caucasian.,zoopy,2007-03-21 18:23:37,reddit.com,1,caucasian
c17nbw,t1_c17lax,"ann coulter is one of the homo-erotic republican rightwing club that includes male prostitute/white house visitor [jeff gannon](http://en.wikipedia.org/wiki/jeff_gannon), plus:
 
 from the republican blog blogactive [the list](http://www.blogactive.com/)
 
 us representatives
 rep. ed schrock (va)
 rep. david drier (ca)
 rep. james mccrery (la)
 rep. mark foley (fl)
 
 
 us senators
 sen barbara mikulski (md)
 
 senior gop staff
 jay timmons, nrsc
 dan gurley, rnc
 jay banning, rnc
 
 senior senate staffers
 robert traynham, santorum
 jonathan tolman, inhofe
 kirk fordham, martinez
 dirk smith, lott
 john reid, allen
 paul unger, allen
 linus catignani, frist
 
 senior house staffers
 jim conzelman, oxley
 lee cohen, hart
 robert o'conner, king
 pete meachum, brown-waite
 
 bush staff
 israel hernandez
 jeff berkowitz
 
 
 local officials
 vincent gentile, nyc
 
 
 the rest...
 ed koch, frmr nyc mayor
 jennifer helms-knox, judge
 armstrong williams, radio host
 matt drudge, headline writer
 steve kreseski, md gov.
 chip dipaula, md gov.
 lee lahaye, cwa
 john schlafley, eagle forum",yakyakyak,2007-03-03 10:33:39,reddit.com,3,"white, ann"
c1f236,t3_1f1t9,"turn it around and see how it sounds.  say for example this, coming from an nba team owner
 
 ""i have a lot of confidence, in my team, we've got some amazing players.  black players.""
 
 or
 
 ""we have some top guys working that construciton site, really hard workers.  mexican workers.""
 
 or perhaps
 
 ""don't worry, the starbucks will do just fine in this location.  we get a lot of pretentious, affleunt consumers here.  white consumers.""",dsol,2007-04-03 12:40:21,reddit.com,39,white
c1kou6,t1_c1km3i,"&gt;what do you want us to do about it?
 
 //fuck, what a cop-out, pun intended.  it's vandalism.  you fill out the report take pictures, help the victim clean up, go inside the bar and ask questions, and give the people an impression that if anybody is suspected of follow-up vandalism, the cops would be all over it like you wouldn't believe.  that's how they should've handled the situation.
 
 instead they say they don't know what to do about it, can't do anything, then decide to give a beating like the would an uppity negro.",Aerik,2007-04-24 20:11:59,reddit.com,4,uppity
c1eo3a,t1_c1eo0i,"buddy, i grew up in a poor, hick town that just happened to have a very conservative, semi-elite college in the middle of it. i went to school with hicks, i played sports with hicks, i worked with hicks - i know me some hicks! trust me, hicks are very gung-ho about going to war and ""kickin' some terrorist ass"". the other people who were pro war were the blind republicans students at the college who just towed the party line without thought. the majority of professors (the actual academics) at the school (conservatives and liberals) were much more likely to be against the iraq war. so yea, my personal experience in america has been completely different from your assessment. hicks aren't generally isolationist, as far as i've seen - they are usually either too uneducated or uninformed to have an opinion, or they go ""america..fuck yea!"". generally, the ""isolationist"" view is more held by old-fashioned conservatives (paleo-cons) who are usually decently educated and very wary of ""american imperialism"". 
 
 btw, in your continuing german lessons, it's spelled *verboten*.",[deleted],2007-04-02 04:41:25,reddit.com,9,pale
c1i7pl,t1_c1i7ms,"i don't know about you, but more people in the world than rich caucasians give a shit.",Prysorra,2007-04-15 21:30:38,reddit.com,4,caucasian
c1hl6y,t3_1hj1i,"ahhh.... nothing like bigotry here in america. even posting this question, in such a slanted format indicates that some in the country aren't ready to stop being bigots. 
 
 the man was at prayer. so what if it was in a mosque. what's next? you can't elect a jewish president? oh, and of course, this means mitt romney is certainly out...can't have a mormon in the white house, lord no...
 
 it's time the rino's (religious in name only) folks stopped bashing folks with their bibles, and instead opened them, and started to live the life that god wanted all of us to.",dectra,2007-04-13 05:55:18,reddit.com,2,white
c1f5rs,t1_c1f1q0,"of course, this is the perspective of a neo-liberal asshole whose only information comes from propagandistic business papers. i've got economic stats to disprove all of these claims but they're so patently ridiculous and you are such an enormous idiotic fuckhead that it's not worth wasting the 5 minutes looking them up.",richardkulisz,2007-04-03 19:12:42,reddit.com,-9,ape
c1ocoa,t3_1ock4,"cnn and msnbc and the rest are reserving judgment until they find out the skin color/religion of the bomber.  if he was middle eastern or muslim, this will be an act of terrorism, if he was a white guy, this will just be simple murder and they won't be able to fill four hours of afternoon programming on it.",cweaver,2007-05-07 10:40:57,reddit.com,4,white
c1mwte,t3_1mr1b,"&gt;steve says: 
 &gt;
 &gt;may 1st, 2007 at 9:00 am 
 &gt;
 &gt;i believe there is an eye witness who saw the truck driver with carl rove at the white house one week before the crash. i do know for a fact that all jews in the area were notified to stay off of the bridge.
 
 the last line is amazing.  the first one is pretty interesting too.",sarahfrancesca,2007-05-02 13:00:34,reddit.com,1,white
